mfcc1,rms,zcr,pitch_std,silence_pct
-411.1238,0.017097503,0.0513889620734973,66.85548860586815,34.63274314338144
-379.9812,0.030871164,0.0493278039643783,65.4336744508734,47.84934615800281
-392.70557,0.021954998,0.0609477342335332,64.43694362001281,38.55780113177041
-376.72153,0.030938653,0.0501395110473725,65.37330551345757,49.382341028756585
-420.4273,0.016149463,0.0428112448776251,69.8993359081415,28.65173592372729
-417.61383,0.01603157,0.0475632463434954,68.56612121337608,30.809109424180708
-381.15543,0.026067454,0.0476393641930835,65.59854095545013,43.55979096218875
-425.3886,0.015769185,0.0590076286728721,76.6614109618695,35.68380251360558
-387.49637,0.021829093,0.0498726402976664,63.5545607967291,45.97432905484247
